nx,ny,nz,dt,tsr,cp,cd
48.0,48.0,32.0,0.05,3.0999999999999965,0.25124071712881485,0.7935903203588359
48.0,48.0,32.0,0.04,3.0999999999999956,0.2509616825784738,0.7933930869257371
48.0,48.0,32.0,0.03,3.100000000000001,0.24986749835297425,0.7926499059355443
48.0,48.0,32.0,0.02,3.1000000000000085,0.2476091079665992,0.7907791911433509
48.0,48.0,32.0,0.01,3.100000000000015,0.24354694623623507,0.7870525978933319
