nx,ny,nz,dt,tsr,cp,cd
48.0,48.0,32.0,0.05,3.1,0.2844944800899181,0.7833294040475082
48.0,48.0,32.0,0.04,3.1,0.2839293484005316,0.7832653214720919
48.0,48.0,32.0,0.03,3.100000000000002,0.28269272539579804,0.7830361371469603
48.0,48.0,32.0,0.02,3.1,0.2807529591943636,0.7823452906228874
48.0,48.0,32.0,0.01,3.100000000000001,0.277289973226605,0.7809211213248871
