nx,ny,nz,dt,tsr,cp,cd
48.0,48.0,32.0,0.05,3.1,0.2844944800899181,0.7833294040475082
48.0,48.0,32.0,0.04,3.1,0.2839293484005316,0.7832653214720919
48.0,48.0,32.0,0.03,3.100000000000002,0.28269272539579804,0.7830361371469603
48.0,48.0,32.0,0.02,3.1,0.2807529591943636,0.7823452906228874
48.0,48.0,32.0,0.01,3.100000000000001,0.277289973226605,0.7809211213248871
48.0,48.0,32.0,0.006999999999999999,3.1000000000000014,0.2759809291357552,0.7803985894476153
48.0,48.0,32.0,0.005,3.1000000000000005,0.2747919855029208,0.7797889404025574
48.0,48.0,32.0,0.003,3.100000000000001,0.2736698393337091,0.7793272540953367
