nx,ny,nz,dt,tsr,cp,cd
48.0,48.0,32.0,0.05,3.0999999999999965,0.25124071712881485,0.7935903203588359
48.0,48.0,32.0,0.04,3.099999999999996,0.2509616825784738,0.7933930869257371
48.0,48.0,32.0,0.03,3.100000000000001,0.24986749835297425,0.7926499059355443
48.0,48.0,32.0,0.02,3.1000000000000085,0.2476091079665992,0.7907791911433509
48.0,48.0,32.0,0.01,3.1000000000000147,0.2435469462362351,0.7870525978933319
48.0,48.0,32.0,0.006999999999999999,3.099999999999991,0.2419546949192039,0.7855781271204288
48.0,48.0,32.0,0.005,3.099999999999968,0.2407074454755151,0.7844104111426214
48.0,48.0,32.0,0.003,3.0999999999999446,0.23944215798987423,0.7831785584957057
