nx,ny,nz,dt,tsr,cp,cd
12.0,12.0,8.0,0.005,3.099999999999969,0.3001308602720685,0.8344525272850514
18.0,18.0,12.0,0.005,3.099999999999969,0.2939766630301861,0.8119809460306049
24.0,24.0,16.0,0.005,3.099999999999969,0.2883884650949517,0.7985565057874859
30.0,30.0,20.0,0.005,3.099999999999969,0.28345445112251155,0.7906226248824181
36.0,36.0,24.0,0.005,3.099999999999969,0.2796438007243827,0.785770975125595
42.0,42.0,28.0,0.005,3.099999999999969,0.2768046670430753,0.7822829639025435
48.0,48.0,32.0,0.005,3.0999999999999686,0.27479220198184684,0.7797896104679846
54.0,54.0,36.0,0.005,3.099999999999968,0.2733333837607045,0.7777212563825409
60.0,60.0,40.0,0.005,3.0999999999999677,0.27230757540449174,0.776037921537705
