nx,ny,nz,dt,tsr,cp,cd
12.0,12.0,9.0,0.005,3.1000000000000005,0.29514568184227125,0.8326047433954077
18.0,18.0,13.0,0.005,3.1000000000000005,0.2891295030281947,0.8110144305113145
24.0,24.0,18.0,0.005,3.1000000000000005,0.2831424489142404,0.7973251897677638
30.0,30.0,22.0,0.005,3.1000000000000005,0.27839890905572745,0.7900980345826356
36.0,36.0,27.0,0.005,3.1000000000000005,0.2744621417004309,0.7850717389805639
42.0,42.0,31.0,0.005,3.1000000000000005,0.27187773433211965,0.7818884735975591
48.0,48.0,36.0,0.005,3.1000000000000005,0.2698953461779053,0.7793318397493411
54.0,54.0,40.0,0.005,3.1000000000000005,0.26859537339497386,0.7774169259907804
60.0,60.0,45.0,0.005,3.1000000000000005,0.2676209864168689,0.7757190570807422
