nx,ny,nz,dt,tsr,cp,cd
48.0,48.0,32.0,0.0140909090909,1.0999999999999959,0.0195780834988489,0.3013134238464439
48.0,48.0,32.0,0.0096875,1.6000000000000087,0.05981151645818356,0.38596326508238055
48.0,48.0,32.0,0.00738095238095,2.1000000000000147,0.12778880253675898,0.5059791661541058
48.0,48.0,32.0,0.00596153846154,2.5999999999999925,0.2340655082633876,0.6810506725974689
48.0,48.0,32.0,0.005,3.099999999999969,0.3222176852020014,0.8556629536767396
48.0,48.0,32.0,0.004305555555560001,3.599999999999953,0.3832566779762376,1.0042582918364442
48.0,48.0,32.0,0.0037804878048800002,4.099999999999944,0.4083800469305087,1.130859983031469
48.0,48.0,32.0,0.00336956521739,4.599999999999936,0.3889742195727676,1.231984963015008
