nx,ny,nz,dt,tsr,cp,cd
48.0,48.0,32.0,0.014090909090909091,1.0999999999999959,0.012679910705100352,0.2825301447685327
48.0,48.0,32.0,0.0096875,1.6000000000000087,0.03655068404011338,0.3575226182215614
48.0,48.0,32.0,0.007380952380952381,2.1000000000000147,0.08787355620160263,0.4697586435985826
48.0,48.0,32.0,0.005961538461538462,2.5999999999999925,0.16547891287696634,0.6150762052886893
48.0,48.0,32.0,0.005,3.099999999999969,0.2406990771393588,0.7844063487222773
48.0,48.0,32.0,0.004305555555555556,3.599999999999953,0.2895043437041224,0.9341242386688464
48.0,48.0,32.0,0.003780487804878049,4.099999999999944,0.3180580661146645,1.0705613322279857
48.0,48.0,32.0,0.0033695652173913048,4.599999999999936,0.31729231746170755,1.1945788809322695
