nx,ny,nz,dt,tsr,cp,cd
48.0,48.0,32.0,0.0140909090909,1.0999999999999996,0.016012626009415602,0.2804429529516682
48.0,48.0,32.0,0.0096875,1.6,0.04500563021401846,0.3605097502176871
48.0,48.0,32.0,0.00738095238095,2.1000000000000005,0.09358843578497444,0.4688037110115258
48.0,48.0,32.0,0.00596153846154,2.6000000000000005,0.17274975436106083,0.6160267201689145
