nx,ny,nz,dt,tsr,cp,cd
48.0,48.0,32.0,0.0140909090909,1.0999999999999959,0.01690888496891594,0.28156294286312605
48.0,48.0,32.0,0.0096875,1.6000000000000087,0.04689609264719325,0.3617923710392098
48.0,48.0,32.0,0.00738095238095,2.1000000000000147,0.09685729987473836,0.4668325520575458
48.0,48.0,32.0,0.00596153846154,2.5999999999999925,0.17777153798896247,0.6031683586893938
48.0,48.0,32.0,0.005,3.099999999999969,0.27479220198184684,0.7797896104679846
48.0,48.0,32.0,0.004305555555560001,3.599999999999953,0.3491984041982522,0.9748861810218998
48.0,48.0,32.0,0.0037804878048800002,4.099999999999944,0.35754743988705256,1.1186851264438535
48.0,48.0,32.0,0.00336956521739,4.599999999999936,0.3173380524957504,1.2267194501063972
