nx,ny,nz,dt,tsr,cp,cd
48.0,48.0,32.0,0.0140909090909,1.0999999999999959,0.012072425866420893,0.28068696676103744
48.0,48.0,32.0,0.0096875,1.6000000000000087,0.03710067324982487,0.3581276430371904
48.0,48.0,32.0,0.00738095238095,2.1000000000000147,0.08764232863068967,0.4694911955963784
48.0,48.0,32.0,0.00596153846154,2.5999999999999925,0.16547886353785798,0.6150743921097256
48.0,48.0,32.0,0.005,3.099999999999969,0.2406985386289787,0.7844053535113834
48.0,48.0,32.0,0.004305555555560001,3.599999999999953,0.2895042061748977,0.9341241472031454
48.0,48.0,32.0,0.0037804878048800002,4.099999999999944,0.3180568975730011,1.0705594975272088
48.0,48.0,32.0,0.00336956521739,4.599999999999936,0.31728966279270915,1.1945746838471805
