nx,ny,nz,dt,tsr,cp,cd
48.0,48.0,32.0,0.0140909090909,1.0999999999999959,0.024106933602818268,0.3073219971015045
48.0,48.0,32.0,0.0096875,1.6000000000000087,0.07310955783031517,0.4010618465310225
48.0,48.0,32.0,0.00738095238095,2.1000000000000147,0.14478277506071094,0.5421425261969387
48.0,48.0,32.0,0.00596153846154,2.5999999999999925,0.21955921334326226,0.7015750578117146
48.0,48.0,32.0,0.005,3.099999999999969,0.2696390963476344,0.8392651114987535
48.0,48.0,32.0,0.004305555555560001,3.599999999999953,0.30397682009136906,0.9643557833695032
48.0,48.0,32.0,0.0037804878048800002,4.099999999999944,0.3268447278336781,1.0880442944389062
48.0,48.0,32.0,0.00336956521739,4.599999999999936,0.32181469136598156,1.2015416507350585
